{
  "images" : [
    {
      "idiom" : "universal",
      "scale" : "1x",
      "filename" : "Default.png"
    },
    {
      "idiom" : "universal",
      "scale" : "2x",
      "filename" : "Default@2x.png"
    },
    {
      "idiom" : "universal",
      "scale" : "3x"
    },
    {
      "idiom" : "universal",
      "filename" : "Default-568h@2x.png",
      "unassigned" : true,
      "subtype" : "retina4",
      "scale" : "2x"
    }
  ],
  "info" : {
    "version" : 1,
    "author" : "xcode"
  }
}